email, name, message
fdsfdsssfd@gmail.com,sdfsdfsdfsd,dfsdfsdf
danielrviolante@gmail.com,fdsfsdfsd,sdfsdfsdfsdf
danielrviolante@gmail.com,fdsfsdfsd,sdfsdfsdfsdf
danielrviolante@gmail.com,fdsfsdfsd,sdfsdfsdfsdf
danielrviolante@gmail.com,fdsfsdfsd,sdfsdfsdfsdf
danielrviolante@gmail.com,fdsfsdfsd,sdfsdfsdfsdf
danielrvasdasiolante@gmail.com,fdsfsdfsdsdasds,sdfsdfsdfsdfddd
danielrvasdasiolante@gmail.com,fdsfsdfsdsdasds,sdfsdfsdfsdfddd
danielrvasdasiolante@gmail.com,fdsfsdfsdsdasds,sdfsdfsdfsdfddd
